sampleName,fileName,filePath,genotype,stage,group
Sample_12,non_rRna_trimmed_12_CTCTCAGA_quant,rawdata/Aligment/3_rounds_Merged/salmon_quant/non_rRna_trimmed_12_CTCTCAGA_quant/quant.sf,WT,E13.5,E13.5_WT
Sample_14,non_rRna_trimmed_14_AAGCTGGT_quant,rawdata/Aligment/3_rounds_Merged/salmon_quant/non_rRna_trimmed_14_AAGCTGGT_quant/quant.sf,WT,E13.5,E13.5_WT
Sample_15,non_rRna_trimmed_15_CCGCTTAA_quant,rawdata/Aligment/3_rounds_Merged/salmon_quant/non_rRna_trimmed_15_CCGCTTAA_quant/quant.sf,Stab_bcat,E13.5,E13.5_Stab_bcat
Sample_16,non_rRna_trimmed_16_GTGGTATG_quant,rawdata/Aligment/3_rounds_Merged/salmon_quant/non_rRna_trimmed_16_GTGGTATG_quant/quant.sf,Stab_bcat,E13.5,E13.5_Stab_bcat
Sample_17,non_rRna_trimmed_17_GGTGTACA_quant,rawdata/Aligment/3_rounds_Merged/salmon_quant/non_rRna_trimmed_17_GGTGTACA_quant/quant.sf,Stab_bcat,E13.5,E13.5_Stab_bcat
Sample_18,non_rRna_trimmed_18_TCTAGGAG_quant,rawdata/Aligment/3_rounds_Merged/salmon_quant/non_rRna_trimmed_18_TCTAGGAG_quant/quant.sf,Stab_bcat,E13.5,E13.5_Stab_bcat
Sample_21,non_rRna_trimmed_21_AGGTCTGT_quant,rawdata/Aligment/3_rounds_Merged/salmon_quant/non_rRna_trimmed_21_AGGTCTGT_quant/quant.sf,Stab_bcat,E16.5,E16.5_Stab_bcat
Sample_23,non_rRna_trimmed_23_TGTGGCTT_quant,rawdata/Aligment/3_rounds_Merged/salmon_quant/non_rRna_trimmed_23_TGTGGCTT_quant/quant.sf,WT,E16.5,E16.5_WT
Sample_24,non_rRna_trimmed_24_CTGTGGTA_quant,rawdata/Aligment/3_rounds_Merged/salmon_quant/non_rRna_trimmed_24_CTGTGGTA_quant/quant.sf,WT,E16.5,E16.5_WT
Sample_25,non_rRna_trimmed_25_CATTCGTC_quant,rawdata/Aligment/3_rounds_Merged/salmon_quant/non_rRna_trimmed_25_CATTCGTC_quant/quant.sf,Stab_bcat,E16.5,E16.5_Stab_bcat
Sample_26,non_rRna_trimmed_26_CTCACCAA_quant,rawdata/Aligment/3_rounds_Merged/salmon_quant/non_rRna_trimmed_26_CTCACCAA_quant/quant.sf,Stab_bcat,E16.5,E16.5_Stab_bcat
Sample_3,non_rRna_trimmed_3_ATACGCAG_quant,rawdata/Aligment/3_rounds_Merged/salmon_quant/non_rRna_trimmed_3_ATACGCAG_quant/quant.sf,WT,E16.5,E16.5_WT
Sample_31,non_rRna_trimmed_31_TCACTCGA_quant,rawdata/Aligment/3_rounds_Merged/salmon_quant/non_rRna_trimmed_31_TCACTCGA_quant/quant.sf,WT,E16.5,E16.5_WT
Sample_32,non_rRna_trimmed_32_ACTCCTAC_quant,rawdata/Aligment/3_rounds_Merged/salmon_quant/non_rRna_trimmed_32_ACTCCTAC_quant/quant.sf,WT,E16.5,E16.5_WT
Sample_35,non_rRna_trimmed_35_GACTACGA_quant,rawdata/Aligment/3_rounds_Merged/salmon_quant/non_rRna_trimmed_35_GACTACGA_quant/quant.sf,Stab_bcat,E16.5,E16.5_Stab_bcat
Sample_4,non_rRna_trimmed_4_GTGTCCTT_quant,rawdata/Aligment/3_rounds_Merged/salmon_quant/non_rRna_trimmed_4_GTGTCCTT_quant/quant.sf,Stab_bcat,E16.5,E16.5_Stab_bcat
Sample_7,non_rRna_trimmed_7_TGGAAGCA_quant,rawdata/Aligment/3_rounds_Merged/salmon_quant/non_rRna_trimmed_7_TGGAAGCA_quant/quant.sf,WT,E13.5,E13.5_WT
Sample_8,non_rRna_trimmed_8_AACACCAC_quant,rawdata/Aligment/3_rounds_Merged/salmon_quant/non_rRna_trimmed_8_AACACCAC_quant/quant.sf,WT,E13.5,E13.5_WT
